,Unnamed: 0.3,Unnamed: 0.2,Unnamed: 0.1,Unnamed: 0,url,emotion,headline,source,yr,sentiment,rel,short_title,full_title,neg_full,neu_full,pos_full,our_sentiment,agreement,time,url_regex,url_regex1,url_time,url_time1,has_date,month,has_headline,headline_regex
0,1584,1584,563793,13873400,https://www.bloomberg.com/news/articles/2006-06-14/stocks-jump-amid-firm-earnings-databusinessweek-business-news-stock-market-and-financial-advice,neutral,Stocks ... Data,bloomberg,2006,0,1,,,-0.8317463994026184,1.7017831802368164,0.25811100006103516,0,0,[],2006-06-14 00:00:00,,2006-06-14,,1,6.0,0,stocks jump amid firm earnings databusinessweek business news stock market and financial advice
1,1585,1585,563794,13873966,https://www.bloomberg.com/news/articles/2006-06-27/treasury-prices-fall-as-market-eyes-fedbusinessweek-business-news-stock-market-and-financial-advice,neutral,Treasury ... Fed,bloomberg,2006,0,1,,,0.9322829246520996,0.13249491155147552,-1.1375716924667358,0,0,[],2006-06-27 00:00:00,,2006-06-27,,1,6.0,0,treasury prices fall as market eyes fedbusinessweek business news stock market and financial advice
2,1586,1586,563795,13875858,https://www.bloomberg.com/news/articles/2006-08-16/hp-posts-higher-earnings-and-sets-6-billion-buybackbusinessweek-business-news-stock-market-and-financial-advice,neutral,HP ... Buyback,bloomberg,2006,0,1,,,-1.0027378797531128,1.003476858139038,0.8256025910377502,0,0,[],2006-08-16 00:00:00,,2006-08-16,,1,8.0,0,hp posts higher earnings and sets 6 billion buybackbusinessweek business news stock market and financial advice
3,1587,1587,563756,13466554,https://www.bloomberg.com/news/articles/2008-05-09/stocks-fall-on-poor-earnings-oil-pricesbusinessweek-business-news-stock-market-and-financial-advice,sadness,Stocks ... Prices,bloomberg,2008,-1,1,,,1.4476187229156494,-0.6564812064170837,-1.0505629777908325,0,0,[],2008-05-09 00:00:00,,2008-05-09,,1,5.0,0,stocks fall on poor earnings oil pricesbusinessweek business news stock market and financial advice
4,1588,1588,563757,13466617,https://www.bloomberg.com/news/articles/2008-05-13/wal-mart-q1-earnings-up-6-dot-9-percent-businessweek-business-news-stock-market-and-financial-advice,surprise,Wal-Mart ... 6.9%,bloomberg,2008,0,1,,,-0.7922714948654175,1.7709800004959106,-0.372241348028183,0,0,[],2008-05-13 00:00:00,,2008-05-13,,1,5.0,0,wal mart q1 earnings up 6 dot 9 percent businessweek business news stock market and financial advice
5,1589,1589,563758,13468292,https://www.bloomberg.com/news/articles/2008-06-27/stocks-end-lower-on-oil-earnings-newsbusinessweek-business-news-stock-market-and-financial-advice,sadness,Stocks ... News,bloomberg,2008,-1,1,,,-0.7766028642654419,1.3833123445510864,0.20814408361911774,0,0,[],2008-06-27 00:00:00,,2008-06-27,,1,6.0,0,stocks end lower on oil earnings newsbusinessweek business news stock market and financial advice
6,1590,1590,563759,13469147,https://www.bloomberg.com/news/articles/2008-07-23/stocks-end-higher-on-earnings-lower-oilbusinessweek-business-news-stock-market-and-financial-advice,sadness,Stocks ... Oil,bloomberg,2008,-1,1,,,-0.23701421916484833,1.0593523979187012,0.1511564701795578,0,0,[],2008-07-23 00:00:00,,2008-07-23,,1,7.0,0,stocks end higher on earnings lower oilbusinessweek business news stock market and financial advice
7,1591,1591,563760,13472525,https://www.bloomberg.com/news/articles/2008-10-29/stocks-turn-lower-after-fed-cuts-ratesbusinessweek-business-news-stock-market-and-financial-advice,sadness,Stocks ... Rates,bloomberg,2008,-1,1,,,-0.16423767805099487,1.427256464958191,-0.48277416825294495,0,0,[],2008-10-29 00:00:00,,2008-10-29,,1,10.0,0,stocks turn lower after fed cuts ratesbusinessweek business news stock market and financial advice
8,1592,1592,563835,13943568,https://www.bloomberg.com/news/articles/2010-04-15/syngenta-first-quarter-sales-fall-3-percent-to-3-5-billion-sees-growth,neutral,Syngenta ... Start,bloomberg,2010,0,1,,,1.5430705547332764,-0.7134516835212708,-0.9842847585678101,0,0,[],2010-04-15 00:00:00,,2010-04-15,,1,4.0,0,syngenta first quarter sales fall 3 percent to 3 5 billion sees growth
9,1593,1593,563836,13943612,https://www.bloomberg.com/news/articles/2010-04-15/dividend-deals-accelerate-as-blackstone-seeks-apria-payout-credit-markets,neutral,LBO ... Markets,bloomberg,2010,0,1,,,0.32372453808784485,1.0471482276916504,-0.878145694732666,0,0,[],2010-04-15 00:00:00,,2010-04-15,,1,4.0,0,dividend deals accelerate as blackstone seeks apria payout credit markets
10,1594,1594,563837,13943960,https://www.bloomberg.com/news/articles/2010-04-20/ford-bonds-tap-consumer-revival-as-nordstrom-sells-notes-credit-markets,neutral,Ford ... Markets,bloomberg,2010,0,1,,,-0.336483895778656,2.021623134613037,-1.2176786661148071,0,0,[],2010-04-20 00:00:00,,2010-04-20,,1,4.0,0,ford bonds tap consumer revival as nordstrom sells notes credit markets
11,1595,1595,563838,13945908,https://www.bloomberg.com/news/articles/2010-05-14/stocks-slump-on-concern-debt-crisis-to-limit-growth-euro-crude-oil-drop,fear,"Euro, ... Gain",bloomberg,2010,-1,1,,,1.86830472946167,-0.8776249289512634,-1.259864091873169,0,0,[],2010-05-14 00:00:00,,2010-05-14,,1,5.0,0,stocks slump on concern debt crisis to limit growth euro crude oil drop
12,1596,1596,563839,13945922,https://www.bloomberg.com/news/articles/2010-05-14/sony-shares-tumble-after-earnings-forecasts-fall-below-analysts-estimates,sadness,Sony ... Estimates,bloomberg,2010,-1,1,,,0.23614756762981415,1.4191452264785767,-1.481108546257019,0,0,[],2010-05-14 00:00:00,,2010-05-14,,1,5.0,0,sony shares tumble after earnings forecasts fall below analysts estimates
13,1597,1597,563840,13946092,https://www.bloomberg.com/news/articles/2010-05-17/asian-stocks-fall-weaker-euro-fuels-concern-that-economic-growth-to-slow,fear,Asian ... Concerns,bloomberg,2010,-1,1,,,1.4215396642684937,-0.7981051802635193,-0.9289993047714233,0,0,[],2010-05-17 00:00:00,,2010-05-17,,1,5.0,0,asian stocks fall weaker euro fuels concern that economic growth to slow
14,1598,1598,563841,13946712,https://www.bloomberg.com/news/articles/2010-05-24/bond-trading-costs-soar-as-abbott-sells-3-billion-in-debt-credit-markets,neutral,Bond ... Markets,bloomberg,2010,0,1,,,1.7675658464431763,-0.811221718788147,-1.0230544805526733,0,0,[],2010-05-24 00:00:00,,2010-05-24,,1,5.0,0,bond trading costs soar as abbott sells 3 billion in debt credit markets
15,1599,1599,563842,13947033,https://www.bloomberg.com/news/articles/2010-05-28/dollar-draws-bulls-euro-bears-as-stocks-sink-credit-suisse-survey-shows,neutral,Dollar ... Shows,bloomberg,2010,0,1,,,0.31203973293304443,1.2283400297164917,-1.6446943283081055,0,0,[],2010-05-28 00:00:00,,2010-05-28,,1,5.0,0,dollar draws bulls euro bears as stocks sink credit suisse survey shows
16,1600,1600,563843,13947547,https://www.bloomberg.com/news/articles/2010-06-04/stocks-rise-on-u-s-jobs-outlook-higher-oil-prices-toyota-mitsui-gain,neutral,Nikkei ... Stocks,bloomberg,2010,0,1,,,2.0089824199676514,-0.6887148022651672,-1.454479455947876,0,0,[],2010-06-04 00:00:00,,2010-06-04,,1,6.0,0,stocks rise on u s jobs outlook higher oil prices toyota mitsui gain
17,1601,1601,563844,13949252,https://www.bloomberg.com/news/articles/2010-06-24/china-s-stocks-rebound-on-growth-prospects-led-by-banks-consumer-shares,fear,China‚Äôs ... Decline,bloomberg,2010,-1,1,,,2.2757930755615234,-1.254513144493103,-1.1569784879684448,0,0,[],2010-06-24 00:00:00,,2010-06-24,,1,6.0,0,china s stocks rebound on growth prospects led by banks consumer shares
18,1602,1602,563845,13952099,https://www.bloomberg.com/news/articles/2010-07-23/ford-posts-2-6-billion-second-quarter-profit-as-cars-fetch-higher-prices,neutral,Ford ... Cars,bloomberg,2010,0,1,,,1.690233826637268,-0.6107498407363892,-1.2809213399887085,0,0,[],2010-07-23 00:00:00,,2010-07-23,,1,7.0,0,ford posts 2 6 billion second quarter profit as cars fetch higher prices
19,1603,1603,563846,13952907,https://www.bloomberg.com/news/articles/2010-07-29/asian-stocks-drop-yen-gains-on-concern-pace-of-economic-growth-may-slow,sadness,Stocks ... Rise,bloomberg,2010,-1,1,,,1.3431493043899536,-0.5821297764778137,-1.025818943977356,0,0,[],2010-07-29 00:00:00,,2010-07-29,,1,7.0,0,asian stocks drop yen gains on concern pace of economic growth may slow
20,1604,1604,563847,13953809,https://www.bloomberg.com/news/articles/2010-08-05/rio-tinto-says-first-half-net-income-was-5-85-billion-outlook-positive,joy,Rio ... Sales,bloomberg,2010,1,1,,,0.3967481553554535,0.7504957318305969,-0.8485590815544128,0,0,[],2010-08-05 00:00:00,,2010-08-05,,1,8.0,0,rio tinto says first half net income was 5 85 billion outlook positive
21,1605,1605,563848,13954225,https://www.bloomberg.com/news/articles/2010-08-10/hannover-re-quarterly-profit-falls-to-159-6-million-euros-beats-estimates,neutral,Hannover ... 24%,bloomberg,2010,0,1,,,1.2212122678756714,-0.39955461025238037,-0.8930160999298096,0,0,[],2010-08-10 00:00:00,,2010-08-10,,1,8.0,0,hannover re quarterly profit falls to 159 6 million euros beats estimates
22,1606,1606,563849,13954662,https://www.bloomberg.com/news/articles/2010-08-13/canadian-stocks-fluctuate-as-u-s-retail-sales-consumer-prices-increase,neutral,Most ... Reports,bloomberg,2010,0,1,,,1.1912473440170288,-0.1913839429616928,-0.8047820329666138,0,0,[],2010-08-13 00:00:00,,2010-08-13,,1,8.0,0,canadian stocks fluctuate as u s retail sales consumer prices increase
23,1607,1607,563850,13954776,https://www.bloomberg.com/news/articles/2010-08-14/u-s-stocks-drop-most-since-july-as-fed-predicts-slower-economic-growth,neutral,U.S. ... Growth,bloomberg,2010,0,1,,,1.6481846570968628,-0.781650960445404,-0.9205369353294373,0,0,[],2010-08-14 00:00:00,,2010-08-14,,1,8.0,0,u s stocks drop most since july as fed predicts slower economic growth
24,1608,1608,563851,13954989,https://www.bloomberg.com/news/articles/2010-08-15/google-leads-revival-in-commercial-paper-as-rates-tumble-credit-markets,neutral,Google ... Markets,bloomberg,2010,0,1,,,0.08264331519603729,0.519591212272644,-0.02175505831837654,0,0,[],2010-08-15 00:00:00,,2010-08-15,,1,8.0,0,google leads revival in commercial paper as rates tumble credit markets
25,1609,1609,563852,13955535,https://www.bloomberg.com/news/articles/2010-08-20/asian-stocks-fall-as-u-s-economic-data-stoke-growth-concern-nissan-drops,fear,Asian ... Slump,bloomberg,2010,-1,1,,,1.7527724504470825,-0.696316659450531,-1.297128677368164,0,0,[],2010-08-20 00:00:00,,2010-08-20,,1,8.0,0,asian stocks fall as u s economic data stoke growth concern nissan drops
26,1610,1610,563853,13955614,https://www.bloomberg.com/news/articles/2010-08-21/asian-stocks-gain-as-improved-earnings-offset-economic-growth-concerns,neutral,Asian ... Concerns,bloomberg,2010,0,1,,,0.8044363260269165,-0.4987020194530487,-0.1810147911310196,0,0,[],2010-08-21 00:00:00,,2010-08-21,,1,8.0,0,asian stocks gain as improved earnings offset economic growth concerns
27,1611,1611,563854,13955726,https://www.bloomberg.com/news/articles/2010-08-23/japan-s-stocks-fall-on-europe-concerns-commodity-prices-drop-canon-drops,fear,Nikkei ... Concerns,bloomberg,2010,-1,1,,,1.1401447057724,-0.6184574961662292,-0.7808840870857239,0,0,[],2010-08-23 00:00:00,,2010-08-23,,1,8.0,0,japan s stocks fall on europe concerns commodity prices drop canon drops
28,1612,1612,563855,13956245,https://www.bloomberg.com/news/articles/2010-08-27/fed-s-bernanke-outlines-steps-should-growth-slow-jackson-hole-full-text,neutral,Bernanke ... Text,bloomberg,2010,0,1,,,-0.3452635109424591,1.4226264953613281,-0.7634660005569458,0,0,[],2010-08-27 00:00:00,,2010-08-27,,1,8.0,0,fed s bernanke outlines steps should growth slow jackson hole full text
29,1613,1613,563856,13956256,https://www.bloomberg.com/news/articles/2010-08-27/japan-consumer-prices-slide-driving-stocks-lower-on-risk-of-slower-growth,fear,Japan‚Äôs ... Growth,bloomberg,2010,-1,1,,,1.1895195245742798,-0.13148942589759827,-0.9760047197341919,0,0,[],2010-08-27 00:00:00,,2010-08-27,,1,8.0,0,japan consumer prices slide driving stocks lower on risk of slower growth
30,1614,1614,563857,13956449,https://www.bloomberg.com/news/articles/2010-08-29/china-eastern-reports-first-half-net-income-1-76-billion-yuan,neutral,China ... Yuan,bloomberg,2010,0,1,,,0.3757622539997101,0.5885125398635864,-0.18819598853588104,0,0,[],2010-08-29 00:00:00,,2010-08-29,,1,8.0,0,china eastern reports first half net income 1 76 billion yuan
31,1615,1615,563858,13956619,https://www.bloomberg.com/news/articles/2010-08-30/china-merchants-first-half-net-income-rises-12-percent-to-hk-1-93-billion,joy,China ... Rebound,bloomberg,2010,1,1,,,1.9857407808303833,-1.2276948690414429,-1.0071569681167603,0,0,[],2010-08-30 00:00:00,,2010-08-30,,1,8.0,0,china merchants first half net income rises 12 percent to hk 1 93 billion
32,1616,1616,563859,13958147,https://www.bloomberg.com/news/articles/2010-09-14/prodi-says-economic-crisis-effects-undigested-sees-slow-european-growth,neutral,Prodi ... Growth,bloomberg,2010,0,1,,,1.5765175819396973,-1.188612461090088,-0.9222396612167358,0,0,[],2010-09-14 00:00:00,,2010-09-14,,1,9.0,0,prodi says economic crisis effects undigested sees slow european growth
33,1617,1617,563860,13958974,https://www.bloomberg.com/news/articles/2010-09-20/mortgage-bonds-in-canada-lure-yield-starved-u-s-investors-canada-credit,neutral,Mortgage ... Credit,bloomberg,2010,0,1,,,1.714888095855713,-0.19777044653892517,-1.698670744895935,0,0,[],2010-09-20 00:00:00,,2010-09-20,,1,9.0,0,mortgage bonds in canada lure yield starved u s investors canada credit
34,1618,1618,563861,13961205,https://www.bloomberg.com/news/articles/2010-10-07/spain-sells-3-2-billion-euros-in-first-bond-sale-since-moody-s-rating-cut,sadness,Spain ... Cut,bloomberg,2010,-1,1,,,1.8787673711776733,-0.616641104221344,-1.5325467586517334,0,0,[],2010-10-07 00:00:00,,2010-10-07,,1,10.0,0,spain sells 3 2 billion euros in first bond sale since moody s rating cut
35,1619,1619,563862,13963640,https://www.bloomberg.com/news/articles/2010-10-27/stocks-u-s-futures-commodities-fall-as-dollar-strengthens-won-weakens,fear,"Stocks, ... Speculation",bloomberg,2010,-1,1,,,1.87289559841156,-0.6212142109870911,-1.679443120956421,0,0,[],2010-10-27 00:00:00,,2010-10-27,,1,10.0,0,stocks u s futures commodities fall as dollar strengthens won weakens
36,1620,1620,563863,13963837,https://www.bloomberg.com/news/articles/2010-10-28/technip-third-quarter-net-income-drops-4-raises-2010-margins-outlook,sadness,Technip ... Outlook,bloomberg,2010,-1,1,,,0.6106899976730347,0.45996829867362976,-1.261770248413086,0,0,[],2010-10-28 00:00:00,,2010-10-28,,1,10.0,0,technip third quarter net income drops 4 raises 2010 margins outlook
37,1621,1621,563864,13964056,https://www.bloomberg.com/news/articles/2010-10-29/asian-stocks-drop-as-sharp-advantest-reduce-profit-forecasts-yen-gains,sadness,Asian ... Falls,bloomberg,2010,-1,1,,,1.529416561126709,-0.8606100678443909,-0.6977788209915161,0,0,[],2010-10-29 00:00:00,,2010-10-29,,1,10.0,0,asian stocks drop as sharp advantest reduce profit forecasts yen gains
38,1622,1622,563865,13964311,https://www.bloomberg.com/news/articles/2010-11-01/fed-helping-spanish-debt-market-keeps-ecb-mum-on-u-s-dollar-euro-credit,neutral,Fed ... Credit,bloomberg,2010,0,1,,,1.7610150575637817,-0.5555862784385681,-1.5387266874313354,0,0,[],2010-11-01 00:00:00,,2010-11-01,,1,11.0,0,fed helping spanish debt market keeps ecb mum on u s dollar euro credit
39,1623,1623,563866,13964524,https://www.bloomberg.com/news/articles/2010-11-03/statoil-third-quarter-net-income-rises-to-2-36-billion-beating-estimates,sadness,Statoil ... Estimates,bloomberg,2010,-1,1,,,0.6857599020004272,-0.1485110968351364,-0.4137326776981354,0,0,[],2010-11-03 00:00:00,,2010-11-03,,1,11.0,0,statoil third quarter net income rises to 2 36 billion beating estimates
40,1624,1624,563867,13964996,https://www.bloomberg.com/news/articles/2010-11-05/asian-stocks-jump-commodities-rally-on-profit-outlook-australian-growth,neutral,Treasuries ... Data,bloomberg,2010,0,1,,,-0.7426990866661072,1.3966840505599976,-0.4977862238883972,0,0,[],2010-11-05 00:00:00,,2010-11-05,,1,11.0,0,asian stocks jump commodities rally on profit outlook australian growth
41,1625,1625,563868,13965271,https://www.bloomberg.com/news/articles/2010-11-07/aig-staging-comeback-in-bond-market-as-default-swaps-fall-credit-markets,neutral,AIG ... Markets,bloomberg,2010,0,1,,,0.07241830974817276,0.36340636014938354,-0.2417951077222824,0,0,[],2010-11-07 00:00:00,,2010-11-07,,1,11.0,0,aig staging comeback in bond market as default swaps fall credit markets
42,1626,1626,563869,13965413,https://www.bloomberg.com/news/articles/2010-11-09/hca-said-to-plan-2-billion-dividend-payout-funded-by-high-yield-bond-sale,neutral,HCA ... Owners,bloomberg,2010,0,1,,,0.5347069501876831,0.4738502502441406,-1.394752860069275,0,0,[],2010-11-09 00:00:00,,2010-11-09,,1,11.0,0,hca said to plan 2 billion dividend payout funded by high yield bond sale
43,1627,1627,563870,13966076,https://www.bloomberg.com/news/articles/2010-11-15/asian-stocks-fluctuate-as-commodities-fall-japan-growth-beats-estimates,neutral,Asia ... Grows,bloomberg,2010,0,1,,,0.8553598523139954,-0.13211068511009216,-0.44113197922706604,0,0,[],2010-11-15 00:00:00,,2010-11-15,,1,11.0,0,asian stocks fluctuate as commodities fall japan growth beats estimates
44,1628,1628,563871,13966627,https://www.bloomberg.com/news/articles/2010-11-18/debt-wall-shrinks-393-billion-as-fed-eases-financing-fear-credit-markets,fear,Debt ... Markets,bloomberg,2010,-1,1,,,1.5162066221237183,-0.27807459235191345,-1.0458199977874756,0,0,[],2010-11-18 00:00:00,,2010-11-18,,1,11.0,0,debt wall shrinks 393 billion as fed eases financing fear credit markets
45,1629,1629,563872,13966853,https://www.bloomberg.com/news/articles/2010-11-19/global-investors-sell-net-2-18-billion-rupees-of-indian-stocks,neutral,Global ... Stocks,bloomberg,2010,0,1,,,1.247226357460022,0.03406690061092377,-1.2877178192138672,0,0,[],2010-11-19 00:00:00,,2010-11-19,,1,11.0,0,global investors sell net 2 18 billion rupees of indian stocks
46,1630,1630,563873,13966854,https://www.bloomberg.com/news/articles/2010-11-19/japan-s-bonds-fall-as-stock-gains-gdp-growth-sap-safety-demand,neutral,Japan‚Äôs ... Demand,bloomberg,2010,0,1,,,1.8369168043136597,-1.1993693113327026,-0.9989225268363953,0,0,[],2010-11-19 00:00:00,,2010-11-19,,1,11.0,0,japan s bonds fall as stock gains gdp growth sap safety demand
47,1631,1631,563874,13967318,https://www.bloomberg.com/news/articles/2010-11-23/microsoft-s-record-low-coupon-fed-spark-buyers-strike-credit-markets,sadness,Microsoft ... Markets,bloomberg,2010,-1,1,,,0.13042894005775452,1.569745421409607,-1.4067703485488892,0,0,[],2010-11-23 00:00:00,,2010-11-23,,1,11.0,0,microsoft s record low coupon fed spark buyers strike credit markets
48,1632,1632,563875,13969755,https://www.bloomberg.com/news/articles/2010-12-08/global-investors-sell-net-4-2-billion-rupees-of-indian-stocks,neutral,Global ... Stocks,bloomberg,2010,0,1,,,1.23863685131073,-0.028754694387316704,-1.3841303586959839,0,0,[],2010-12-08 00:00:00,,2010-12-08,,1,12.0,0,global investors sell net 4 2 billion rupees of indian stocks
49,1633,1633,563876,13970513,https://www.bloomberg.com/news/articles/2010-12-14/best-buy-profit-misses-analysts-estimates-as-u-s-sales-drop-shares-fall,neutral,Best ... Forecast,bloomberg,2010,0,1,,,0.8969276547431946,-0.2901792526245117,-0.7845395803451538,0,0,[],2010-12-14 00:00:00,,2010-12-14,,1,12.0,0,best buy profit misses analysts estimates as u s sales drop shares fall
50,1634,1634,563877,13970655,https://www.bloomberg.com/news/articles/2010-12-15/fed-signals-stronger-economy-won-t-slow-plan-to-buy-600-billion-in-bonds,neutral,Fed ... Stimulus,bloomberg,2010,0,1,,,0.7203280925750732,0.11235710978507996,-1.1601672172546387,0,0,[],2010-12-15 00:00:00,,2010-12-15,,1,12.0,0,fed signals stronger economy won t slow plan to buy 600 billion in bonds
51,1635,1635,563878,13971532,https://www.bloomberg.com/news/articles/2010-12-21/stocks-commodities-climb-on-economic-growth-outlook-euro-pares-advance,neutral,S&P ... Advance,bloomberg,2010,0,1,,,-0.6292903423309326,1.701297640800476,-0.6161181926727295,0,0,[],2010-12-21 00:00:00,,2010-12-21,,1,12.0,0,stocks commodities climb on economic growth outlook euro pares advance
52,1636,1636,563879,13971696,https://www.bloomberg.com/news/articles/2010-12-22/global-investors-buy-net-2-25-billion-rupees-of-indian-stocks,neutral,Global ... Stocks,bloomberg,2010,0,1,,,1.3086258172988892,-0.12703236937522888,-1.074592113494873,0,0,[],2010-12-22 00:00:00,,2010-12-22,,1,12.0,0,global investors buy net 2 25 billion rupees of indian stocks
53,1637,1637,563880,13971869,https://www.bloomberg.com/news/articles/2010-12-23/global-investors-sell-net-237-million-rupees-of-indian-stocks,neutral,Global ... Stocks,bloomberg,2010,0,1,,,1.567315936088562,-0.6435661315917969,-1.2743254899978638,0,0,[],2010-12-23 00:00:00,,2010-12-23,,1,12.0,0,global investors sell net 237 million rupees of indian stocks
54,1638,1638,563881,13971994,https://www.bloomberg.com/news/articles/2010-12-24/global-investors-sell-net-999-million-rupees-of-indian-stocks,neutral,Global ... Stocks,bloomberg,2010,0,1,,,1.3986560106277466,-0.20895853638648987,-1.2666441202163696,0,0,[],2010-12-24 00:00:00,,2010-12-24,,1,12.0,0,global investors sell net 999 million rupees of indian stocks
55,1639,1639,563882,13972612,https://www.bloomberg.com/news/articles/2010-12-30/japan-s-stocks-fall-after-dollar-weakens-nomura-research-drops-on-outlook,sadness,Japan‚Äôs ... Losses,bloomberg,2010,-1,1,,,1.4990891218185425,-0.22723090648651123,-1.2820249795913696,0,0,[],2010-12-30 00:00:00,,2010-12-30,,1,12.0,0,japan s stocks fall after dollar weakens nomura research drops on outlook
56,1640,1640,563883,13974838,https://www.bloomberg.com/news/articles/2011-01-20/global-investors-sell-net-2-08-billion-rupees-of-indian-stocks,neutral,Global ... Stocks,bloomberg,2011,0,1,,,1.127278208732605,0.2694295048713684,-1.2959930896759033,0,0,[],2011-01-20 00:00:00,,2011-01-20,,1,1.0,0,global investors sell net 2 08 billion rupees of indian stocks
57,1641,1641,563884,13975897,https://www.bloomberg.com/news/articles/2011-01-31/global-investors-sell-net-5-92-billion-rupees-of-indian-stocks,neutral,Global ... Stocks,bloomberg,2011,0,1,,,1.4298661947250366,-0.25003212690353394,-1.1977156400680542,0,0,[],2011-01-31 00:00:00,,2011-01-31,,1,1.0,0,global investors sell net 5 92 billion rupees of indian stocks
58,1642,1642,563885,13981381,https://www.bloomberg.com/news/articles/2011-03-21/global-investors-sell-net-4-55-billion-rupees-of-indian-stocks,neutral,Global ... Stocks,bloomberg,2011,0,1,,,1.3810011148452759,-0.13527615368366241,-1.3401492834091187,0,0,[],2011-03-21 00:00:00,,2011-03-21,,1,3.0,0,global investors sell net 4 55 billion rupees of indian stocks
59,1643,1643,563886,13981711,https://www.bloomberg.com/news/articles/2011-03-24/global-investors-buy-net-3-93-billion-rupees-of-indian-stocks,neutral,Global ... Stocks,bloomberg,2011,0,1,,,0.9631544351577759,0.35504278540611267,-1.0763200521469116,0,0,[],2011-03-24 00:00:00,,2011-03-24,,1,3.0,0,global investors buy net 3 93 billion rupees of indian stocks
60,1644,1644,563887,13983726,https://www.bloomberg.com/news/articles/2011-04-13/foreign-investors-sell-net-4-75-billion-rupees-of-indian-stocks,neutral,Foreign ... Stocks,bloomberg,2011,0,1,,,1.4511903524398804,-0.33215901255607605,-1.4479671716690063,0,0,[],2011-04-13 00:00:00,,2011-04-13,,1,4.0,0,foreign investors sell net 4 75 billion rupees of indian stocks
61,1645,1645,563888,13984276,https://www.bloomberg.com/news/articles/2011-04-18/foreign-investors-buy-net-1-84-billion-rupees-of-indian-stocks,neutral,Foreign ... Stocks,bloomberg,2011,0,1,,,1.3949564695358276,-0.3075348734855652,-1.070355772972107,0,0,[],2011-04-18 00:00:00,,2011-04-18,,1,4.0,0,foreign investors buy net 1 84 billion rupees of indian stocks
62,1646,1646,563889,13985310,https://www.bloomberg.com/news/articles/2011-04-27/foreign-investors-sell-net-1-49-billion-rupees-of-indian-stocks,neutral,Foreign ... Stocks,bloomberg,2011,0,1,,,1.319750428199768,-0.42224687337875366,-1.1038753986358643,0,0,[],2011-04-27 00:00:00,,2011-04-27,,1,4.0,0,foreign investors sell net 1 49 billion rupees of indian stocks
63,1647,1647,563890,13985361,https://www.bloomberg.com/news/articles/2011-04-27/asian-stocks-rise-on-growth-outlook-earnings-dollar-falls-silver-gains,neutral,U.S. ... Rates,bloomberg,2011,0,1,,,-0.29021739959716797,1.5535296201705933,-1.0859781503677368,0,0,[],2011-04-27 00:00:00,,2011-04-27,,1,4.0,0,asian stocks rise on growth outlook earnings dollar falls silver gains
64,1648,1648,563891,13988272,https://www.bloomberg.com/news/articles/2011-05-24/foreign-investors-sell-net-1-38-billion-rupees-of-indian-stocks,neutral,Foreign ... Stocks,bloomberg,2011,0,1,,,1.550902009010315,-0.5829728245735168,-1.1740086078643799,0,0,[],2011-05-24 00:00:00,,2011-05-24,,1,5.0,0,foreign investors sell net 1 38 billion rupees of indian stocks
65,1649,1649,563892,13990922,https://www.bloomberg.com/news/articles/2011-06-23/foreign-investors-sell-net-2-68-billion-rupees-of-indian-stocks,neutral,Foreign ... Stocks,bloomberg,2011,0,1,,,1.3112770318984985,-0.2658543586730957,-1.1423101425170898,0,0,[],2011-06-23 00:00:00,,2011-06-23,,1,6.0,0,foreign investors sell net 2 68 billion rupees of indian stocks
66,1650,1650,563893,13996826,https://www.bloomberg.com/news/articles/2011-08-18/china-mobile-first-half-net-income-rises-6-4-percent-to-61-3-billion-yuan,joy,China ... Yuan,bloomberg,2011,1,1,,,1.1684012413024902,-0.31103062629699707,-0.7350534200668335,0,0,[],2011-08-18 00:00:00,,2011-08-18,,1,8.0,0,china mobile first half net income rises 6 4 percent to 61 3 billion yuan
67,1651,1651,563894,14003951,https://www.bloomberg.com/news/articles/2011-10-25/china-s-stocks-drop-on-earnings-growth-outlook-led-by-banks-developers,neutral,China ... Months,bloomberg,2011,0,1,,,1.5391923189163208,-0.5821529626846313,-1.1110148429870605,0,0,[],2011-10-25 00:00:00,,2011-10-25,,1,10.0,0,china s stocks drop on earnings growth outlook led by banks developers
68,1652,1652,563796,13883747,https://www.bloomberg.com/news/articles/2012-01-19/banks-flush-with-623-billion-ecb-cash-beating-sovereigns-credit-markets,neutral,Banks ... Markets,bloomberg,2012,0,1,,,-0.28997594118118286,1.4284148216247559,-0.544809103012085,0,0,[],2012-01-19 00:00:00,,2012-01-19,,1,1.0,0,banks flush with 623 billion ecb cash beating sovereigns credit markets
69,1653,1653,563797,13884735,https://www.bloomberg.com/news/articles/2012-01-26/asia-stocks-oil-rise-as-fed-signals-low-rates-new-zealand-dollar-gains,neutral,Treasuries ... Drop,bloomberg,2012,0,1,,,1.4014748334884644,-0.6245105266571045,-1.1563271284103394,0,0,[],2012-01-26 00:00:00,,2012-01-26,,1,1.0,0,asia stocks oil rise as fed signals low rates new zealand dollar gains
70,1654,1654,563798,13885622,https://www.bloomberg.com/news/articles/2012-01-31/amazon-s-sales-miss-estimates-profit-drops-as-expenses-surge-shares-drop,sadness,Amazon‚Äôs ... Mover,bloomberg,2012,-1,1,,,0.06243214011192322,0.7920666337013245,-0.5579201579093933,0,0,[],2012-01-31 00:00:00,,2012-01-31,,1,1.0,0,amazon s sales miss estimates profit drops as expenses surge shares drop
71,1655,1655,563799,13889867,https://www.bloomberg.com/news/articles/2012-03-01/foreign-investors-buy-net-6-51-billion-rupees-of-indian-stocks,neutral,Foreign ... Stocks,bloomberg,2012,0,1,,,1.2085227966308594,-0.08726626634597778,-1.0117716789245605,0,0,[],2012-03-01 00:00:00,,2012-03-01,,1,3.0,0,foreign investors buy net 6 51 billion rupees of indian stocks
72,1656,1656,563800,13892856,https://www.bloomberg.com/news/articles/2012-03-21/foreign-investors-buy-net-1-96-billion-rupees-of-indian-stocks,neutral,Foreign ... Stocks,bloomberg,2012,0,1,,,1.6400203704833984,-0.6371743083000183,-1.0642706155776978,0,0,[],2012-03-21 00:00:00,,2012-03-21,,1,3.0,0,foreign investors buy net 1 96 billion rupees of indian stocks
73,1657,1657,563801,13895508,https://www.bloomberg.com/news/articles/2012-04-09/foreign-investors-buy-net-1-34-billion-rupees-of-indian-stocks,neutral,Foreign ... Stocks,bloomberg,2012,0,1,,,1.5791611671447754,-0.539965808391571,-1.1277281045913696,0,0,[],2012-04-09 00:00:00,,2012-04-09,,1,4.0,0,foreign investors buy net 1 34 billion rupees of indian stocks
74,1658,1658,563802,13895882,https://www.bloomberg.com/news/articles/2012-04-11/foreign-investors-sell-net-10-4-billion-rupees-of-indian-stocks,neutral,Foreign ... Stocks,bloomberg,2012,0,1,,,1.4119486808776855,-0.5218134522438049,-1.1396204233169556,0,0,[],2012-04-11 00:00:00,,2012-04-11,,1,4.0,0,foreign investors sell net 10 4 billion rupees of indian stocks
75,1659,1659,563803,13896300,https://www.bloomberg.com/news/articles/2012-04-13/foreign-investors-buy-net-1-84-billion-rupees-of-indian-stocks,neutral,Foreign ... Stocks,bloomberg,2012,0,1,,,1.3949564695358276,-0.3075348734855652,-1.070355772972107,0,0,[],2012-04-13 00:00:00,,2012-04-13,,1,4.0,0,foreign investors buy net 1 84 billion rupees of indian stocks
76,1660,1660,563804,13896710,https://www.bloomberg.com/news/articles/2012-04-17/foreign-investors-sell-net-5-52-billion-rupees-of-indian-stocks,neutral,Foreign ... Stocks,bloomberg,2012,0,1,,,1.4068509340286255,-0.5239688754081726,-1.0793007612228394,0,0,[],2012-04-17 00:00:00,,2012-04-17,,1,4.0,0,foreign investors sell net 5 52 billion rupees of indian stocks
77,1661,1661,563805,13899564,https://www.bloomberg.com/news/articles/2012-05-07/foreign-investors-buy-net-5-13-billion-rupees-of-indian-stocks,neutral,Foreign ... Stocks,bloomberg,2012,0,1,,,1.5360628366470337,-0.49802884459495544,-1.126200556755066,0,0,[],2012-05-07 00:00:00,,2012-05-07,,1,5.0,0,foreign investors buy net 5 13 billion rupees of indian stocks
78,1662,1662,563806,13900273,https://www.bloomberg.com/news/articles/2012-05-11/foreign-investors-buy-net-3-42-billion-rupees-of-indian-stocks,neutral,Foreign ... Stocks,bloomberg,2012,0,1,,,1.2141555547714233,-0.05345987528562546,-1.2508882284164429,0,0,[],2012-05-11 00:00:00,,2012-05-11,,1,5.0,0,foreign investors buy net 3 42 billion rupees of indian stocks
79,1663,1663,563807,13900905,https://www.bloomberg.com/news/articles/2012-05-15/foreign-investors-buy-net-4-04-billion-rupees-of-indian-stocks,neutral,Foreign ... Stocks,bloomberg,2012,0,1,,,1.5712847709655762,-0.4288690686225891,-1.19669508934021,0,0,[],2012-05-15 00:00:00,,2012-05-15,,1,5.0,0,foreign investors buy net 4 04 billion rupees of indian stocks
80,1664,1664,563808,13901149,https://www.bloomberg.com/news/articles/2012-05-17/dollar-falls-as-fed-signals-further-easing-oil-gold-rebound,neutral,Stocks ... Rallies,bloomberg,2012,0,1,,,-0.010163047350943089,0.8067790865898132,-0.47731080651283264,0,0,[],2012-05-17 00:00:00,,2012-05-17,,1,5.0,0,dollar falls as fed signals further easing oil gold rebound
81,1665,1665,563809,13902587,https://www.bloomberg.com/news/articles/2012-05-28/foreign-investors-sell-net-3-64-billion-rupees-of-indian-stocks,neutral,Foreign ... Stocks,bloomberg,2012,0,1,,,1.5990744829177856,-0.749351978302002,-1.053004503250122,0,0,[],2012-05-28 00:00:00,,2012-05-28,,1,5.0,0,foreign investors sell net 3 64 billion rupees of indian stocks
82,1666,1666,563810,13902722,https://www.bloomberg.com/news/articles/2012-05-29/foreign-investors-buy-net-1-79-billion-rupees-of-indian-stocks,neutral,Foreign ... Stocks,bloomberg,2012,0,1,,,0.7914048433303833,0.28642475605010986,-1.021366000175476,0,0,[],2012-05-29 00:00:00,,2012-05-29,,1,5.0,0,foreign investors buy net 1 79 billion rupees of indian stocks
83,1667,1667,563811,13905085,https://www.bloomberg.com/news/articles/2012-06-14/china-s-stocks-drop-as-credit-suisse-cuts-gdp-growth-forecast,sadness,China‚Äôs ... Target,bloomberg,2012,-1,1,,,1.5725568532943726,-0.5992096662521362,-1.392338514328003,0,0,[],2012-06-14 00:00:00,,2012-06-14,,1,6.0,0,china s stocks drop as credit suisse cuts gdp growth forecast
84,1668,1668,563812,13905617,https://www.bloomberg.com/news/articles/2012-06-18/foreign-investors-buy-net-3-92-billion-rupees-of-indian-stocks,neutral,Foreign ... Stocks,bloomberg,2012,0,1,,,1.4703693389892578,-0.3133814036846161,-1.1560572385787964,0,0,[],2012-06-18 00:00:00,,2012-06-18,,1,6.0,0,foreign investors buy net 3 92 billion rupees of indian stocks
85,1669,1669,563813,13906417,https://www.bloomberg.com/news/articles/2012-06-22/foreign-investors-sell-net-2-39-billion-rupees-of-indian-stocks,neutral,Foreign ... Stocks,bloomberg,2012,0,1,,,1.4817785024642944,-0.5774453282356262,-1.0751159191131592,0,0,[],2012-06-22 00:00:00,,2012-06-22,,1,6.0,0,foreign investors sell net 2 39 billion rupees of indian stocks
86,1670,1670,563814,13906841,https://www.bloomberg.com/news/articles/2012-06-26/foreign-investors-buy-net-1-91-billion-rupees-of-indian-stocks,neutral,Foreign ... Stocks,bloomberg,2012,0,1,,,1.3644942045211792,-0.17791375517845154,-1.160243272781372,0,0,[],2012-06-26 00:00:00,,2012-06-26,,1,6.0,0,foreign investors buy net 1 91 billion rupees of indian stocks
87,1671,1671,563815,13906954,https://www.bloomberg.com/news/articles/2012-06-27/foreign-investors-buy-net-862-million-rupees-of-indian-stocks,neutral,Foreign ... Stocks,bloomberg,2012,0,1,,,1.7064321041107178,-0.8073675036430359,-1.0776889324188232,0,0,[],2012-06-27 00:00:00,,2012-06-27,,1,6.0,0,foreign investors buy net 862 million rupees of indian stocks
88,1672,1672,563816,13907959,https://www.bloomberg.com/news/articles/2012-07-04/foreign-investors-buy-net-5-6-billion-rupees-of-indian-stocks,neutral,Foreign ... Stocks,bloomberg,2012,0,1,,,1.1565680503845215,0.0018749998416751623,-1.1433340311050415,0,0,[],2012-07-04 00:00:00,,2012-07-04,,1,7.0,0,foreign investors buy net 5 6 billion rupees of indian stocks
89,1673,1673,563817,13909972,https://www.bloomberg.com/news/articles/2012-07-18/foreign-investors-buy-net-5-71-billion-rupees-of-indian-stocks,neutral,Foreign ... Stocks,bloomberg,2012,0,1,,,0.8740831017494202,0.2709927260875702,-1.1878259181976318,0,0,[],2012-07-18 00:00:00,,2012-07-18,,1,7.0,0,foreign investors buy net 5 71 billion rupees of indian stocks
90,1674,1674,563818,13910257,https://www.bloomberg.com/news/articles/2012-07-20/foreign-investors-buy-net-2-15-billion-rupees-of-indian-stocks,neutral,Foreign ... Stocks,bloomberg,2012,0,1,,,1.542186975479126,-0.5129799246788025,-1.0926560163497925,0,0,[],2012-07-20 00:00:00,,2012-07-20,,1,7.0,0,foreign investors buy net 2 15 billion rupees of indian stocks
91,1675,1675,563819,13910508,https://www.bloomberg.com/news/articles/2012-07-23/foreign-investors-buy-net-2-39-billion-rupees-of-indian-stocks,neutral,Foreign ... Stocks,bloomberg,2012,0,1,,,1.4764965772628784,-0.38121986389160156,-1.1171331405639648,0,0,[],2012-07-23 00:00:00,,2012-07-23,,1,7.0,0,foreign investors buy net 2 39 billion rupees of indian stocks
92,1676,1676,563820,13912805,https://www.bloomberg.com/news/articles/2012-08-08/foreign-investors-buy-net-8-62-billion-rupees-of-indian-stocks,neutral,Foreign ... Stocks,bloomberg,2012,0,1,,,1.2130767107009888,-0.12713748216629028,-0.9968975782394409,0,0,[],2012-08-08 00:00:00,,2012-08-08,,1,8.0,0,foreign investors buy net 8 62 billion rupees of indian stocks
93,1677,1677,563821,13913822,https://www.bloomberg.com/news/articles/2012-08-16/foreign-investors-buy-net-2-8-billion-rupees-of-indian-stocks,neutral,Foreign ... Stocks,bloomberg,2012,0,1,,,1.3870769739151,-0.13387373089790344,-1.180285096168518,0,0,[],2012-08-16 00:00:00,,2012-08-16,,1,8.0,0,foreign investors buy net 2 8 billion rupees of indian stocks
94,1678,1678,563822,13915155,https://www.bloomberg.com/news/articles/2012-08-28/global-funds-sell-net-5-54-billion-rupees-of-indian-derivatives,neutral,Global ... Derivatives,bloomberg,2012,0,1,,,-0.1206730529665947,0.5032916069030762,0.22499530017375946,0,0,[],2012-08-28 00:00:00,,2012-08-28,,1,8.0,0,global funds sell net 5 54 billion rupees of indian derivatives
95,1679,1679,563823,13915533,https://www.bloomberg.com/news/articles/2012-08-30/foreign-investors-buy-net-4-15-billion-rupees-of-indian-stocks,neutral,Foreign ... Stocks,bloomberg,2012,0,1,,,1.326595664024353,-0.24233722686767578,-1.1797653436660767,0,0,[],2012-08-30 00:00:00,,2012-08-30,,1,8.0,0,foreign investors buy net 4 15 billion rupees of indian stocks
96,1680,1680,563824,13916857,https://www.bloomberg.com/news/articles/2012-09-11/foreign-investors-buy-net-7-3-billion-rupees-of-indian-stocks,neutral,Foreign ... Stocks,bloomberg,2012,0,1,,,1.1115695238113403,-0.0018023683223873377,-1.1397879123687744,0,0,[],2012-09-11 00:00:00,,2012-09-11,,1,9.0,0,foreign investors buy net 7 3 billion rupees of indian stocks
97,1681,1681,563825,13917293,https://www.bloomberg.com/news/articles/2012-09-14/spanish-banks-net-ecb-borrowings-rise-to-388-7-billion-euros,neutral,Spanish ... Euros,bloomberg,2012,0,1,,,2.076439380645752,-0.7393791675567627,-1.4351814985275269,0,0,[],2012-09-14 00:00:00,,2012-09-14,,1,9.0,0,spanish banks net ecb borrowings rise to 388 7 billion euros
98,1682,1682,563826,13917670,https://www.bloomberg.com/news/articles/2012-09-18/foreign-investors-buy-net-23-1-billion-rupees-of-indian-stocks,neutral,Foreign ... Stocks,bloomberg,2012,0,1,,,1.4221233129501343,-0.3904463052749634,-1.1110795736312866,0,0,[],2012-09-18 00:00:00,,2012-09-18,,1,9.0,0,foreign investors buy net 23 1 billion rupees of indian stocks
99,1683,1683,563827,13919194,https://www.bloomberg.com/news/articles/2012-09-29/saudi-shares-fall-on-quarterly-results-outlook-global-economy,sadness,Saudi ... Economy,bloomberg,2012,-1,1,,,1.714551568031311,-0.9517635703086853,-0.9552369117736816,0,0,[],2012-09-29 00:00:00,,2012-09-29,,1,9.0,0,saudi shares fall on quarterly results outlook global economy
100,1684,1684,563828,13919755,https://www.bloomberg.com/news/articles/2012-10-04/foreign-investors-buy-net-8-13-billion-rupees-of-indian-stocks,neutral,Foreign ... Stocks,bloomberg,2012,0,1,,,1.4537646770477295,-0.39031916856765747,-1.0154350996017456,0,0,[],2012-10-04 00:00:00,,2012-10-04,,1,10.0,0,foreign investors buy net 8 13 billion rupees of indian stocks
101,1685,1685,563829,13920302,https://www.bloomberg.com/news/articles/2012-10-09/foreign-investors-buy-net-9-36-billion-rupees-of-indian-stocks,neutral,Foreign ... Stocks,bloomberg,2012,0,1,,,1.5888367891311646,-0.601902961730957,-1.0738306045532227,0,0,[],2012-10-09 00:00:00,,2012-10-09,,1,10.0,0,foreign investors buy net 9 36 billion rupees of indian stocks
102,1686,1686,563830,13921138,https://www.bloomberg.com/news/articles/2012-10-15/global-funds-buy-net-3-34-billion-rupees-of-indian-derivatives,neutral,Global ... Derivatives,bloomberg,2012,0,1,,,-0.5112075805664062,0.7376757264137268,0.2408808320760727,0,0,[],2012-10-15 00:00:00,,2012-10-15,,1,10.0,0,global funds buy net 3 34 billion rupees of indian derivatives
103,1687,1687,563831,13921274,https://www.bloomberg.com/news/articles/2012-10-16/foreign-investors-buy-net-1-67-billion-rupees-of-indian-stocks,neutral,Foreign ... Stocks,bloomberg,2012,0,1,,,1.1093560457229614,0.0302849430590868,-1.2292293310165405,0,0,[],2012-10-16 00:00:00,,2012-10-16,,1,10.0,0,foreign investors buy net 1 67 billion rupees of indian stocks
104,1688,1688,563832,13923181,https://www.bloomberg.com/news/articles/2012-10-31/bbva-sees-slower-peru-loan-growth-as-companies-tap-bond-market,neutral,BBVA ... Market,bloomberg,2012,0,1,,,-0.29694151878356934,1.9469143152236938,-1.4083664417266846,0,0,[],2012-10-31 00:00:00,,2012-10-31,,1,10.0,0,bbva sees slower peru loan growth as companies tap bond market
105,1689,1689,563833,13926517,https://www.bloomberg.com/news/articles/2012-11-27/india-growth-seen-slowing-adds-policy-overhaul-pressure-economy,neutral,India ... Economy,bloomberg,2012,0,1,,,1.745100498199463,-1.3891595602035522,-0.7522408962249756,0,0,[],2012-11-27 00:00:00,,2012-11-27,,1,11.0,0,india growth seen slowing adds policy overhaul pressure economy
106,1690,1690,563834,13930470,https://www.bloomberg.com/news/articles/2012-12-27/india-lowers-gdp-growth-goal-as-singh-signals-higher-fuel-prices,neutral,India ... Prices,bloomberg,2012,0,1,,,1.1835190057754517,-0.2626345157623291,-0.8659519553184509,0,0,[],2012-12-27 00:00:00,,2012-12-27,,1,12.0,0,india lowers gdp growth goal as singh signals higher fuel prices
107,1691,1691,563788,13807477,https://www.bloomberg.com/news/articles/2013-01-19/almarai-net-income-beats-estimates-driven-by-revenue-growth,surprise,Almarai ... Growth,bloomberg,2013,0,1,,,0.13684603571891785,0.5894089341163635,-0.24214310944080353,0,0,[],2013-01-19 00:00:00,,2013-01-19,,1,1.0,0,almarai net income beats estimates driven by revenue growth
108,1692,1692,563789,13833398,https://www.bloomberg.com/news/articles/2013-07-15/microsoft-cuts-surface-tablet-prices-amid-weak-demand,sadness,Microsoft ... Demand,bloomberg,2013,-1,1,,,-0.04524426907300949,1.5135616064071655,-1.2175079584121704,0,0,[],2013-07-15 00:00:00,,2013-07-15,,1,7.0,0,microsoft cuts surface tablet prices amid weak demand
109,1693,1693,563790,13838034,https://www.bloomberg.com/news/articles/2013-08-15/asian-stocks-fall-amid-mixed-earnings-fed-concern,fear,Asian ... Concern,bloomberg,2013,-1,1,,,1.1502814292907715,-0.39676302671432495,-1.216910719871521,0,0,[],2013-08-15 00:00:00,,2013-08-15,,1,8.0,0,asian stocks fall amid mixed earnings fed concern
110,1694,1694,563791,13848895,https://www.bloomberg.com/news/articles/2013-10-30/u-s-stocks-drop-as-fed-continues-stimulus-amid-economic-growth,neutral,U.S. ... Growth,bloomberg,2013,0,1,,,1.8116573095321655,-0.3532201647758484,-1.225380778312683,0,0,[],2013-10-30 00:00:00,,2013-10-30,,1,10.0,0,u s stocks drop as fed continues stimulus amid economic growth
111,1695,1695,563792,13853231,https://www.bloomberg.com/news/articles/2013-11-29/credit-suisse-sees-sovereign-debt-growth-as-rates-unit-shrinks,sadness,Credit ... Shrinks,bloomberg,2013,-1,1,,,2.058295488357544,-1.1342616081237793,-0.9557403326034546,0,0,[],2013-11-29 00:00:00,,2013-11-29,,1,11.0,0,credit suisse sees sovereign debt growth as rates unit shrinks
112,1696,1696,563772,13634103,https://www.bloomberg.com/news/articles/2014-01-27/treasuries-fall-before-fed-meeting-111-billion-debt-auctions,neutral,Treasuries ... Auctions,bloomberg,2014,0,1,,,1.2416388988494873,-1.0902011394500732,-0.6184660792350769,0,0,[],2014-01-27 00:00:00,,2014-01-27,,1,1.0,0,treasuries fall before fed meeting 111 billion debt auctions
113,1697,1697,563773,13641689,https://www.bloomberg.com/news/articles/2014-03-20/china-s-stocks-fall-on-fed-rate-outlook-economic-growth-concern,fear,China‚Äôs ... Concerns,bloomberg,2014,-1,1,,,1.5719138383865356,-0.9372099041938782,-0.8255026340484619,0,0,[],2014-03-20 00:00:00,,2014-03-20,,1,3.0,0,china s stocks fall on fed rate outlook economic growth concern
114,1698,1698,563774,13673603,https://www.bloomberg.com/news/articles/2014-11-04/eu-cuts-euro-area-growth-outlook-sees-inflation-below-ecb,neutral,EU ... Forecast,bloomberg,2014,0,1,,,0.08787233382463455,1.180511713027954,-0.8396682739257812,0,0,[],2014-11-04 00:00:00,,2014-11-04,,1,11.0,0,eu cuts euro area growth outlook sees inflation below ecb
115,1699,1699,563771,13619519,https://www.bloomberg.com/news/articles/2015-10-14/charting-markets-china-stocks-fall-singapore-dollar-gains-and-deutsche-wohnen-shares-rise,sadness,Charting ... Day,bloomberg,2015,-1,1,,,1.7284587621688843,-0.8945425152778625,-1.0826658010482788,0,0,[],2015-10-14 00:00:00,,2015-10-14,,1,10.0,0,charting markets china stocks fall singapore dollar gains and deutsche wohnen shares rise
116,1700,1700,563775,13685538,https://www.bloomberg.com/news/articles/2016-01-06/european-shares-fall-as-investors-assess-global-growth-outlook,sadness,Europe ... Focus,bloomberg,2016,-1,1,,,1.324642300605774,-0.34903886914253235,-1.0249944925308228,0,0,[],2016-01-06 00:00:00,,2016-01-06,,1,1.0,0,european shares fall as investors assess global growth outlook
117,1701,1701,563776,13708524,https://www.bloomberg.com/news/articles/2016-06-15/treasuries-gain-as-fed-leaves-rates-unchanged-signals-slow-pace,fear,Treasuries ... Path,bloomberg,2016,-1,1,,,0.682225227355957,0.5196082592010498,-1.185368537902832,0,0,[],2016-06-15 00:00:00,,2016-06-15,,1,6.0,0,treasuries gain as fed leaves rates unchanged signals slow pace
118,1702,1702,563777,13713936,https://www.bloomberg.com/news/articles/2016-07-25/jse-error-sees-net-stock-purchases-become-2-5-billion-net-sales,neutral,Inflows ... Puzzlement,bloomberg,2016,0,1,,,1.1352473497390747,-0.020461654290556908,-1.2510390281677246,0,0,[],2016-07-25 00:00:00,,2016-07-25,,1,7.0,0,jse error sees net stock purchases become 2 5 billion net sales
119,1703,1703,563778,13725363,https://www.bloomberg.com/news/articles/2016-10-13/delta-tops-profit-estimates-as-slower-seat-growth-firms-up-fares,neutral,Delta ... Fares,bloomberg,2016,0,1,,,0.7745294570922852,-0.19881334900856018,-0.44017311930656433,0,0,[],2016-10-13 00:00:00,,2016-10-13,,1,10.0,0,delta tops profit estimates as slower seat growth firms up fares
120,1704,1704,563779,13725472,https://www.bloomberg.com/news/articles/2016-10-14/european-stocks-rebound-as-china-data-ease-global-growth-worries,fear,European ... Worries,bloomberg,2016,-1,1,,,1.7237591743469238,-0.6025590896606445,-1.1699103116989136,0,0,[],2016-10-14 00:00:00,,2016-10-14,,1,10.0,0,european stocks rebound as china data ease global growth worries
121,1705,1705,563780,13725492,https://www.bloomberg.com/news/articles/2016-10-14/jpmorgan-posts-6-3-billion-profit-as-bond-trading-revenue-rises,surprise,JPMorgan ... Revenue,bloomberg,2016,0,1,,,1.7964332103729248,-0.9582279324531555,-1.0249136686325073,0,0,[],2016-10-14 00:00:00,,2016-10-14,,1,10.0,0,jpmorgan posts 6 3 billion profit as bond trading revenue rises
122,1706,1706,563781,13725572,https://www.bloomberg.com/news/articles/2016-10-14/portugal-cuts-economic-growth-forecasts-sees-higher-debt-ratio,sadness,Portugal ... Ratio,bloomberg,2016,-1,1,,,1.712265968322754,-0.9869124293327332,-0.6850926876068115,0,0,[],2016-10-14 00:00:00,,2016-10-14,,1,10.0,0,portugal cuts economic growth forecasts sees higher debt ratio
123,1707,1707,563782,13726106,https://www.bloomberg.com/news/articles/2016-10-18/asian-stocks-rise-as-mixed-u-s-data-damp-rate-hike-outlook,neutral,Asian ... Outlook,bloomberg,2016,0,1,,,1.2899203300476074,-0.4920385777950287,-0.8681566119194031,0,0,[],2016-10-18 00:00:00,,2016-10-18,,1,10.0,0,asian stocks rise as mixed u s data damp rate hike outlook
124,1708,1708,563783,13730200,https://www.bloomberg.com/news/articles/2016-11-17/canada-stocks-rise-as-fed-signals-gradual-rate-hikes-oil-climbs,neutral,Canada ... Hike,bloomberg,2016,0,1,,,0.9549683928489685,-0.261588454246521,-0.6054028272628784,0,0,[],2016-11-17 00:00:00,,2016-11-17,,1,11.0,0,canada stocks rise as fed signals gradual rate hikes oil climbs
125,1709,1709,563784,13734297,https://www.bloomberg.com/news/articles/2016-12-22/indian-stocks-extend-drop-amid-concerns-over-growth-earnings,sadness,Indian ... Streak,bloomberg,2016,-1,1,,,1.5651127099990845,-0.450891375541687,-1.3177509307861328,0,0,[],2016-12-22 00:00:00,,2016-12-22,,1,12.0,0,indian stocks extend drop amid concerns over growth earnings
126,1710,1710,563785,13760905,https://www.bloomberg.com/news/articles/2017-02-15/dollar-gains-as-retail-sales-inflation-data-lift-rate-hike-odds,neutral,Dollar ... Evaporate,bloomberg,2017,0,1,,,1.5884193181991577,-0.22548848390579224,-1.4363739490509033,0,0,[],2017-02-15 00:00:00,,2017-02-15,,1,2.0,0,dollar gains as retail sales inflation data lift rate hike odds
127,1711,1711,563786,13796356,https://www.bloomberg.com/news/articles/2017-10-27/tech-earnings-takeaway-cloud-growth-boosts-amazon-microsoft,neutral,Tech ... Reports,bloomberg,2017,0,1,,,-0.6295799016952515,2.139004945755005,-1.0485669374465942,0,0,[],2017-10-27 00:00:00,,2017-10-27,,1,10.0,0,tech earnings takeaway cloud growth boosts amazon microsoft
128,1712,1712,563787,13802967,https://www.bloomberg.com/news/articles/2017-12-13/treasuries-rise-dollar-falls-on-fed-s-outlook-markets-wrap,neutral,U.S. ... Wrap,bloomberg,2017,0,1,,,-0.14057610929012299,1.6461085081100464,-1.149242877960205,0,0,[],2017-12-13 00:00:00,,2017-12-13,,1,12.0,0,treasuries rise dollar falls on fed s outlook markets wrap
129,1713,1713,563761,13534834,https://www.bloomberg.com/news/articles/2018-04-29/asian-stocks-set-to-trade-mixed-dollar-edges-up-markets-wrap,neutral,U.S. ... Wrap,bloomberg,2018,0,1,,,0.4856959879398346,0.39690035581588745,-0.4882007837295532,0,0,[],2018-04-29 00:00:00,,2018-04-29,,1,4.0,0,asian stocks set to trade mixed dollar edges up markets wrap
130,1714,1714,563762,13547826,https://www.bloomberg.com/news/articles/2018-08-08/fed-s-barkin-sees-higher-rates-needed-amid-strong-economy,neutral,Fed's ... Economy,bloomberg,2018,0,1,,,1.1837297677993774,-0.8776114583015442,-0.49838292598724365,0,0,[],2018-08-08 00:00:00,,2018-08-08,,1,8.0,0,fed s barkin sees higher rates needed amid strong economy
131,1715,1715,563763,13548269,https://www.bloomberg.com/news/articles/2018-08-13/asian-stocks-set-for-mixed-open-dollar-holds-gain-markets-wrap,fear,Small-Caps ... Wrap,bloomberg,2018,-1,1,,,-0.38648396730422974,1.427529215812683,-0.8912307024002075,0,0,[],2018-08-13 00:00:00,,2018-08-13,,1,8.0,0,asian stocks set for mixed open dollar holds gain markets wrap
132,1716,1716,563764,13552106,https://www.bloomberg.com/news/articles/2018-09-11/trillion-dollar-investors-don-t-mind-billion-dollar-ceo-awards,neutral,Trillion-Dollar ... Awards,bloomberg,2018,0,1,,,-0.624107837677002,1.6337043046951294,-0.76820307970047,0,0,[],2018-09-11 00:00:00,,2018-09-11,,1,9.0,0,trillion dollar investors don t mind billion dollar ceo awards
133,1717,1717,563765,13557346,https://www.bloomberg.com/news/articles/2018-10-24/regional-banks-suffer-sour-earnings-season-as-every-stock-drops,sadness,Regional ... Drops,bloomberg,2018,-1,1,,,-0.9381768703460693,1.3496888875961304,0.26796960830688477,0,0,[],2018-10-24 00:00:00,,2018-10-24,,1,10.0,0,regional banks suffer sour earnings season as every stock drops
134,1718,1718,563766,13559463,https://www.bloomberg.com/news/articles/2018-11-08/asian-stocks-seen-lower-dollar-gains-on-fed-markets-wrap,sadness,U.S. ... Wrap,bloomberg,2018,-1,1,,,1.779617428779602,-0.3098810613155365,-1.5028374195098877,0,0,[],2018-11-08 00:00:00,,2018-11-08,,1,11.0,0,asian stocks seen lower dollar gains on fed markets wrap
135,1719,1719,563767,13559929,https://www.bloomberg.com/news/articles/2018-11-13/imf-sees-rising-economic-growth-in-gulf-on-higher-oil-prices,joy,IMF ... Prices,bloomberg,2018,1,1,,,1.3724249601364136,-1.153565764427185,-0.5321013331413269,0,0,[],2018-11-13 00:00:00,,2018-11-13,,1,11.0,0,imf sees rising economic growth in gulf on higher oil prices
136,1720,1720,563768,13561767,https://www.bloomberg.com/news/articles/2018-11-27/asia-stocks-to-gain-amid-trade-talk-dollar-rises-markets-wrap,neutral,Stocks ... Wrap,bloomberg,2018,0,1,,,1.8978911638259888,-0.3597647547721863,-1.4617737531661987,0,0,[],2018-11-27 00:00:00,,2018-11-27,,1,11.0,0,asia stocks to gain amid trade talk dollar rises markets wrap
137,1721,1721,563769,13563600,https://www.bloomberg.com/news/articles/2018-12-10/etf-investors-want-emerging-markets-despite-global-stocks-slump,neutral,ETF ... Markets,bloomberg,2018,0,1,,,1.4577080011367798,0.08359579741954803,-1.6292105913162231,0,0,[],2018-12-10 00:00:00,,2018-12-10,,1,12.0,0,etf investors want emerging markets despite global stocks slump
138,1722,1722,563770,13563877,https://www.bloomberg.com/news/articles/2018-12-12/credit-suisse-to-buy-back-stock-sees-lower-asia-markets-revenue,sadness,Thiam's ... Unimpressed,bloomberg,2018,-1,1,,,0.9456044435501099,0.7251861691474915,-1.1488653421401978,0,0,[],2018-12-12 00:00:00,,2018-12-12,,1,12.0,0,credit suisse to buy back stock sees lower asia markets revenue
